-- phpMyAdmin SQL Dump
-- version 5.1.1
-- https://www.phpmyadmin.net/
--
-- Хост: 127.0.0.1:3306
-- Время создания: Май 23 2022 г., 02:24
-- Версия сервера: 8.0.24
-- Версия PHP: 8.1.1

SET SQL_MODE = "NO_AUTO_VALUE_ON_ZERO";
START TRANSACTION;
SET time_zone = "+00:00";


/*!40101 SET @OLD_CHARACTER_SET_CLIENT=@@CHARACTER_SET_CLIENT */;
/*!40101 SET @OLD_CHARACTER_SET_RESULTS=@@CHARACTER_SET_RESULTS */;
/*!40101 SET @OLD_COLLATION_CONNECTION=@@COLLATION_CONNECTION */;
/*!40101 SET NAMES utf8mb4 */;

--
-- База данных: `abelotest`
--

-- --------------------------------------------------------

--
-- Структура таблицы `failed_jobs`
--

CREATE TABLE `failed_jobs` (
  `id` bigint UNSIGNED NOT NULL,
  `uuid` varchar(255) COLLATE utf8mb4_unicode_ci NOT NULL,
  `connection` text COLLATE utf8mb4_unicode_ci NOT NULL,
  `queue` text COLLATE utf8mb4_unicode_ci NOT NULL,
  `payload` longtext COLLATE utf8mb4_unicode_ci NOT NULL,
  `exception` longtext COLLATE utf8mb4_unicode_ci NOT NULL,
  `failed_at` timestamp NOT NULL DEFAULT CURRENT_TIMESTAMP
) ENGINE=InnoDB DEFAULT CHARSET=utf8mb4 COLLATE=utf8mb4_unicode_ci;

-- --------------------------------------------------------

--
-- Структура таблицы `migrations`
--

CREATE TABLE `migrations` (
  `id` int UNSIGNED NOT NULL,
  `migration` varchar(255) COLLATE utf8mb4_unicode_ci NOT NULL,
  `batch` int NOT NULL
) ENGINE=InnoDB DEFAULT CHARSET=utf8mb4 COLLATE=utf8mb4_unicode_ci;

--
-- Дамп данных таблицы `migrations`
--

INSERT INTO `migrations` (`id`, `migration`, `batch`) VALUES
(1, '2014_10_12_000000_create_users_table', 1),
(2, '2014_10_12_100000_create_password_resets_table', 1),
(3, '2019_08_19_000000_create_failed_jobs_table', 1),
(4, '2019_12_14_000001_create_personal_access_tokens_table', 1),
(8, '2022_05_20_215954_create_products_table', 2),
(9, '2022_05_20_220019_create_orders_table', 2),
(10, '2022_05_20_220029_create_order_product_table', 2);

-- --------------------------------------------------------

--
-- Структура таблицы `orders`
--

CREATE TABLE `orders` (
  `id` bigint UNSIGNED NOT NULL,
  `amount` int NOT NULL,
  `date` date NOT NULL,
  `created_at` timestamp NULL DEFAULT NULL,
  `updated_at` timestamp NULL DEFAULT NULL
) ENGINE=InnoDB DEFAULT CHARSET=utf8mb4 COLLATE=utf8mb4_unicode_ci;

--
-- Дамп данных таблицы `orders`
--

INSERT INTO `orders` (`id`, `amount`, `date`, `created_at`, `updated_at`) VALUES
(1, 17860, '2022-04-27', '2022-05-21 19:15:08', '2022-05-21 19:15:08'),
(2, 22689, '2022-05-04', '2022-05-21 19:15:08', '2022-05-21 19:15:08'),
(3, 13838, '2022-05-03', '2022-05-21 19:15:08', '2022-05-21 19:15:08'),
(4, 23009, '2022-05-05', '2022-05-21 19:15:08', '2022-05-21 19:15:08'),
(5, 20926, '2022-05-11', '2022-05-21 19:15:08', '2022-05-21 19:15:08'),
(6, 23634, '2022-05-08', '2022-05-21 19:15:08', '2022-05-21 19:15:08'),
(7, 23626, '2022-05-12', '2022-05-21 19:15:08', '2022-05-21 19:15:08'),
(8, 20181, '2022-04-22', '2022-05-21 19:15:08', '2022-05-21 19:15:08'),
(9, 24751, '2022-05-19', '2022-05-21 19:15:08', '2022-05-21 19:15:08'),
(10, 23035, '2022-05-07', '2022-05-21 19:15:08', '2022-05-21 19:15:08'),
(11, 16751, '2022-05-12', '2022-05-21 19:15:08', '2022-05-21 19:15:08'),
(12, 18549, '2022-05-20', '2022-05-21 19:15:08', '2022-05-21 19:15:08'),
(13, 12451, '2022-05-03', '2022-05-21 19:15:08', '2022-05-21 19:15:08'),
(14, 15168, '2022-04-23', '2022-05-21 19:15:08', '2022-05-21 19:15:08'),
(15, 14877, '2022-05-07', '2022-05-21 19:15:08', '2022-05-21 19:15:08'),
(16, 18502, '2022-05-20', '2022-05-21 19:15:08', '2022-05-21 19:15:08'),
(17, 21597, '2022-05-12', '2022-05-21 19:15:08', '2022-05-21 19:15:08'),
(18, 14183, '2022-04-29', '2022-05-21 19:15:08', '2022-05-21 19:15:08'),
(19, 14809, '2022-04-26', '2022-05-21 19:15:08', '2022-05-21 19:15:08'),
(20, 18478, '2022-05-15', '2022-05-21 19:15:08', '2022-05-21 19:15:08'),
(21, 20262, '2022-05-15', '2022-05-21 19:15:08', '2022-05-21 19:15:08'),
(22, 24147, '2022-05-12', '2022-05-21 19:15:08', '2022-05-21 19:15:08'),
(23, 12206, '2022-05-13', '2022-05-21 19:15:08', '2022-05-21 19:15:08'),
(24, 18657, '2022-04-26', '2022-05-21 19:15:08', '2022-05-21 19:15:08'),
(25, 19186, '2022-04-28', '2022-05-21 19:15:08', '2022-05-21 19:15:08'),
(26, 15192, '2022-05-05', '2022-05-21 19:15:08', '2022-05-21 19:15:08'),
(27, 19232, '2022-05-11', '2022-05-21 19:15:08', '2022-05-21 19:15:08'),
(28, 20711, '2022-05-02', '2022-05-21 19:15:08', '2022-05-21 19:15:08'),
(29, 22779, '2022-04-25', '2022-05-21 19:15:08', '2022-05-21 19:15:08'),
(30, 24161, '2022-05-02', '2022-05-21 19:15:08', '2022-05-21 19:15:08'),
(31, 23085, '2022-05-07', '2022-05-21 19:15:08', '2022-05-21 19:15:08'),
(32, 18671, '2022-04-30', '2022-05-21 19:15:08', '2022-05-21 19:15:08'),
(33, 14427, '2022-05-18', '2022-05-21 19:15:08', '2022-05-21 19:15:08'),
(34, 24073, '2022-04-23', '2022-05-21 19:15:08', '2022-05-21 19:15:08'),
(35, 17023, '2022-04-26', '2022-05-21 19:15:08', '2022-05-21 19:15:08'),
(36, 13497, '2022-04-24', '2022-05-21 19:15:08', '2022-05-21 19:15:08'),
(37, 16001, '2022-05-16', '2022-05-21 19:15:08', '2022-05-21 19:15:08'),
(38, 12141, '2022-05-09', '2022-05-21 19:15:08', '2022-05-21 19:15:08'),
(39, 18185, '2022-05-12', '2022-05-21 19:15:08', '2022-05-21 19:15:08'),
(40, 15496, '2022-05-08', '2022-05-21 19:15:08', '2022-05-21 19:15:08'),
(41, 17889, '2022-05-20', '2022-05-21 19:15:08', '2022-05-21 19:15:08'),
(42, 19821, '2022-05-09', '2022-05-21 19:15:08', '2022-05-21 19:15:08'),
(43, 15408, '2022-05-13', '2022-05-21 19:15:08', '2022-05-21 19:15:08'),
(44, 14789, '2022-05-01', '2022-05-21 19:15:08', '2022-05-21 19:15:08'),
(45, 17085, '2022-04-23', '2022-05-21 19:15:08', '2022-05-21 19:15:08'),
(46, 20575, '2022-05-05', '2022-05-21 19:15:08', '2022-05-21 19:15:08'),
(47, 12861, '2022-05-21', '2022-05-21 19:15:08', '2022-05-21 19:15:08'),
(48, 13597, '2022-04-30', '2022-05-21 19:15:08', '2022-05-21 19:15:08'),
(49, 18275, '2022-04-24', '2022-05-21 19:15:08', '2022-05-21 19:15:08'),
(50, 18006, '2022-05-10', '2022-05-21 19:15:08', '2022-05-21 19:15:08'),
(51, 24016, '2022-04-27', '2022-05-21 19:15:08', '2022-05-21 19:15:08'),
(52, 13656, '2022-05-10', '2022-05-21 19:15:08', '2022-05-21 19:15:08'),
(53, 14427, '2022-05-16', '2022-05-21 19:15:08', '2022-05-21 19:15:08'),
(54, 14536, '2022-05-15', '2022-05-21 19:15:08', '2022-05-21 19:15:08'),
(55, 24916, '2022-05-02', '2022-05-21 19:15:08', '2022-05-21 19:15:08'),
(56, 20666, '2022-04-29', '2022-05-21 19:15:08', '2022-05-21 19:15:08'),
(57, 15654, '2022-04-26', '2022-05-21 19:15:08', '2022-05-21 19:15:08'),
(58, 16082, '2022-04-26', '2022-05-21 19:15:08', '2022-05-21 19:15:08'),
(59, 14740, '2022-05-17', '2022-05-21 19:15:08', '2022-05-21 19:15:08'),
(60, 16740, '2022-04-25', '2022-05-21 19:15:08', '2022-05-21 19:15:08'),
(61, 21893, '2022-05-10', '2022-05-21 19:15:08', '2022-05-21 19:15:08'),
(62, 20910, '2022-04-30', '2022-05-21 19:15:08', '2022-05-21 19:15:08'),
(63, 12521, '2022-04-26', '2022-05-21 19:15:08', '2022-05-21 19:15:08'),
(64, 24150, '2022-04-26', '2022-05-21 19:15:08', '2022-05-21 19:15:08'),
(65, 22830, '2022-04-26', '2022-05-21 19:15:08', '2022-05-21 19:15:08'),
(66, 13559, '2022-05-03', '2022-05-21 19:15:08', '2022-05-21 19:15:08'),
(67, 20302, '2022-04-27', '2022-05-21 19:15:08', '2022-05-21 19:15:08'),
(68, 24591, '2022-05-08', '2022-05-21 19:15:08', '2022-05-21 19:15:08'),
(69, 17172, '2022-05-01', '2022-05-21 19:15:08', '2022-05-21 19:15:08'),
(70, 15568, '2022-05-03', '2022-05-21 19:15:08', '2022-05-21 19:15:08');

-- --------------------------------------------------------

--
-- Структура таблицы `order_product`
--

CREATE TABLE `order_product` (
  `id` bigint UNSIGNED NOT NULL,
  `order_id` bigint UNSIGNED NOT NULL,
  `product_id` bigint UNSIGNED NOT NULL,
  `delivery_date` date NOT NULL,
  `stock` varchar(255) COLLATE utf8mb4_unicode_ci NOT NULL,
  `created_at` timestamp NULL DEFAULT NULL,
  `updated_at` timestamp NULL DEFAULT NULL
) ENGINE=InnoDB DEFAULT CHARSET=utf8mb4 COLLATE=utf8mb4_unicode_ci;

--
-- Дамп данных таблицы `order_product`
--

INSERT INTO `order_product` (`id`, `order_id`, `product_id`, `delivery_date`, `stock`, `created_at`, `updated_at`) VALUES
(1, 17, 9, '2022-05-16', 'Миколаїв', NULL, NULL),
(2, 24, 8, '2022-05-15', 'Рівне', NULL, NULL),
(3, 48, 11, '2022-05-07', 'Суми', NULL, NULL),
(4, 50, 8, '2022-04-30', 'Чернігів', NULL, NULL),
(5, 39, 4, '2022-06-05', 'Хмельницький', NULL, NULL),
(6, 18, 3, '2022-04-24', 'Кропивницький', NULL, NULL),
(7, 51, 12, '2022-06-21', 'Львів', NULL, NULL),
(8, 6, 6, '2022-06-03', 'Запоріжжя', NULL, NULL),
(9, 54, 8, '2022-05-30', 'Миколаїв', NULL, NULL),
(10, 26, 1, '2022-05-14', 'Ужгород', NULL, NULL),
(11, 29, 11, '2022-06-10', 'Харків', NULL, NULL),
(12, 42, 2, '2022-05-25', 'Кропивницький', NULL, NULL),
(13, 9, 9, '2022-05-18', 'Чернігів', NULL, NULL),
(14, 19, 3, '2022-05-19', 'Львів', NULL, NULL),
(15, 16, 2, '2022-05-06', 'Миколаїв', NULL, NULL),
(16, 43, 1, '2022-06-14', 'Харків', NULL, NULL),
(17, 48, 9, '2022-04-27', 'Тернопіль', NULL, NULL),
(18, 30, 3, '2022-05-08', 'Донецьк', NULL, NULL),
(19, 53, 6, '2022-04-30', 'Кропивницький', NULL, NULL),
(20, 63, 11, '2022-05-12', 'Кропивницький', NULL, NULL),
(21, 1, 8, '2022-06-14', 'Київ', NULL, NULL),
(22, 54, 13, '2022-05-02', 'Ужгород', NULL, NULL),
(23, 64, 13, '2022-05-04', 'Луцьк', NULL, NULL),
(24, 33, 2, '2022-06-11', 'Луганськ', NULL, NULL),
(25, 43, 6, '2022-06-21', 'Чернівці', NULL, NULL),
(26, 24, 10, '2022-06-17', 'Одеса', NULL, NULL),
(27, 31, 6, '2022-04-28', 'Київ', NULL, NULL),
(28, 30, 6, '2022-05-26', 'Луцьк', NULL, NULL),
(29, 56, 10, '2022-06-05', 'Чернігів', NULL, NULL),
(30, 3, 5, '2022-05-12', 'Чернівці', NULL, NULL),
(31, 43, 1, '2022-04-24', 'Київ', NULL, NULL),
(32, 67, 1, '2022-06-19', 'Луганськ', NULL, NULL),
(33, 20, 13, '2022-04-26', 'Херсон', NULL, NULL),
(34, 69, 2, '2022-05-16', 'Черкаси', NULL, NULL),
(35, 57, 7, '2022-05-11', 'Львів', NULL, NULL),
(36, 29, 5, '2022-04-30', 'Суми', NULL, NULL),
(37, 33, 1, '2022-05-15', 'Хмельницький', NULL, NULL),
(38, 62, 4, '2022-06-05', 'Івано-Франківськ', NULL, NULL),
(39, 39, 1, '2022-05-21', 'Одеса', NULL, NULL),
(40, 57, 8, '2022-06-03', 'Львів', NULL, NULL),
(41, 47, 2, '2022-06-08', 'Дніпро', NULL, NULL),
(42, 11, 1, '2022-04-23', 'Полтава', NULL, NULL),
(43, 35, 6, '2022-04-30', 'Луцьк', NULL, NULL),
(44, 38, 8, '2022-06-15', 'Тернопіль', NULL, NULL),
(45, 44, 10, '2022-05-15', 'Полтава', NULL, NULL),
(46, 39, 8, '2022-05-18', 'Івано-Франківськ', NULL, NULL),
(47, 23, 1, '2022-04-30', 'Чернівці', NULL, NULL),
(48, 56, 3, '2022-06-21', 'Запоріжжя', NULL, NULL),
(49, 14, 2, '2022-05-27', 'Херсон', NULL, NULL),
(50, 3, 11, '2022-06-08', 'Кропивницький', NULL, NULL),
(51, 39, 6, '2022-05-17', 'Донецьк', NULL, NULL),
(52, 59, 2, '2022-05-19', 'Київ', NULL, NULL),
(53, 21, 8, '2022-06-19', 'Київ', NULL, NULL),
(54, 27, 1, '2022-05-25', 'Ужгород', NULL, NULL),
(55, 58, 9, '2022-05-17', 'Івано-Франківськ', NULL, NULL),
(56, 43, 12, '2022-05-05', 'Тернопіль', NULL, NULL),
(57, 18, 9, '2022-06-16', 'Одеса', NULL, NULL),
(58, 40, 9, '2022-06-14', 'Дніпро', NULL, NULL),
(59, 46, 13, '2022-06-04', 'Житомир', NULL, NULL),
(60, 42, 4, '2022-06-19', 'Запоріжжя', NULL, NULL),
(61, 26, 10, '2022-05-31', 'Рівне', NULL, NULL),
(62, 8, 5, '2022-05-18', 'Івано-Франківськ', NULL, NULL),
(63, 20, 1, '2022-06-11', 'Рівне', NULL, NULL),
(64, 8, 10, '2022-05-08', 'Житомир', NULL, NULL),
(65, 36, 11, '2022-06-04', 'Луцьк', NULL, NULL),
(66, 55, 7, '2022-06-11', 'Черкаси', NULL, NULL),
(67, 3, 3, '2022-05-11', 'Київ', NULL, NULL),
(68, 41, 2, '2022-06-15', 'Суми', NULL, NULL),
(69, 64, 4, '2022-04-26', 'Дніпро', NULL, NULL),
(70, 7, 5, '2022-04-23', 'Донецьк', NULL, NULL),
(71, 56, 8, '2022-06-05', 'Дніпро', NULL, NULL),
(72, 48, 6, '2022-05-20', 'Івано-Франківськ', NULL, NULL),
(73, 30, 5, '2022-06-16', 'Дніпро', NULL, NULL),
(74, 29, 5, '2022-06-08', 'Київ', NULL, NULL),
(75, 59, 6, '2022-04-28', 'Миколаїв', NULL, NULL),
(76, 39, 11, '2022-06-11', 'Чернівці', NULL, NULL),
(77, 34, 3, '2022-05-22', 'Дніпро', NULL, NULL),
(78, 51, 1, '2022-05-22', 'Тернопіль', NULL, NULL),
(79, 51, 7, '2022-06-12', 'Луганськ', NULL, NULL),
(80, 23, 4, '2022-05-31', 'Донецьк', NULL, NULL),
(81, 10, 11, '2022-05-20', 'Хмельницький', NULL, NULL),
(82, 13, 7, '2022-04-26', 'Кропивницький', NULL, NULL),
(83, 5, 1, '2022-05-20', 'Полтава', NULL, NULL),
(84, 4, 2, '2022-04-27', 'Миколаїв', NULL, NULL),
(85, 38, 12, '2022-05-20', 'Суми', NULL, NULL),
(86, 70, 11, '2022-04-29', 'Київ', NULL, NULL),
(87, 64, 10, '2022-04-22', 'Чернігів', NULL, NULL),
(88, 53, 9, '2022-05-15', 'Івано-Франківськ', NULL, NULL),
(89, 18, 9, '2022-05-18', 'Житомир', NULL, NULL),
(90, 23, 10, '2022-05-29', 'Хмельницький', NULL, NULL),
(91, 17, 5, '2022-05-04', 'Одеса', NULL, NULL),
(92, 8, 1, '2022-06-13', 'Житомир', NULL, NULL),
(93, 66, 4, '2022-05-20', 'Львів', NULL, NULL),
(94, 54, 13, '2022-05-18', 'Черкаси', NULL, NULL),
(95, 3, 8, '2022-05-23', 'Черкаси', NULL, NULL),
(96, 33, 10, '2022-05-09', 'Дніпро', NULL, NULL),
(97, 9, 10, '2022-05-28', 'Суми', NULL, NULL),
(98, 25, 9, '2022-04-29', 'Донецьк', NULL, NULL),
(99, 36, 4, '2022-05-06', 'Дніпро', NULL, NULL),
(100, 5, 4, '2022-06-20', 'Кропивницький', NULL, NULL),
(101, 15, 13, '2022-04-26', 'Полтава', NULL, NULL),
(102, 66, 9, '2022-04-23', 'Запоріжжя', NULL, NULL),
(103, 65, 13, '2022-05-05', 'Херсон', NULL, NULL),
(104, 12, 12, '2022-05-16', 'Чернівці', NULL, NULL),
(105, 44, 2, '2022-05-10', 'Чернівці', NULL, NULL),
(106, 47, 2, '2022-06-04', 'Одеса', NULL, NULL),
(107, 5, 9, '2022-05-21', 'Одеса', NULL, NULL),
(108, 68, 2, '2022-04-27', 'Вінниця', NULL, NULL),
(109, 15, 12, '2022-05-10', 'Полтава', NULL, NULL),
(110, 30, 7, '2022-05-19', 'Луганськ', NULL, NULL),
(111, 66, 5, '2022-06-16', 'Запоріжжя', NULL, NULL),
(112, 26, 12, '2022-06-16', 'Черкаси', NULL, NULL),
(113, 49, 3, '2022-04-25', 'Чернівці', NULL, NULL),
(114, 4, 1, '2022-04-27', 'Івано-Франківськ', NULL, NULL),
(115, 16, 1, '2022-04-29', 'Донецьк', NULL, NULL),
(116, 7, 11, '2022-04-27', 'Харків', NULL, NULL),
(117, 53, 3, '2022-06-13', 'Кропивницький', NULL, NULL),
(118, 42, 7, '2022-06-10', 'Запоріжжя', NULL, NULL),
(119, 24, 3, '2022-05-25', 'Харків', NULL, NULL),
(120, 10, 6, '2022-05-21', 'Рівне', NULL, NULL),
(121, 70, 3, '2022-05-22', 'Дніпро', NULL, NULL),
(122, 63, 13, '2022-05-31', 'Херсон', NULL, NULL),
(123, 66, 5, '2022-05-16', 'Івано-Франківськ', NULL, NULL),
(124, 54, 4, '2022-06-12', 'Полтава', NULL, NULL),
(125, 60, 5, '2022-06-06', 'Дніпро', NULL, NULL),
(126, 66, 5, '2022-06-20', 'Черкаси', NULL, NULL),
(127, 70, 11, '2022-05-13', 'Житомир', NULL, NULL),
(128, 21, 11, '2022-06-08', 'Суми', NULL, NULL),
(129, 22, 10, '2022-06-19', 'Полтава', NULL, NULL),
(130, 61, 2, '2022-05-04', 'Львів', NULL, NULL),
(131, 51, 13, '2022-06-02', 'Одеса', NULL, NULL),
(132, 31, 8, '2022-06-02', 'Луганськ', NULL, NULL),
(133, 48, 10, '2022-05-12', 'Івано-Франківськ', NULL, NULL),
(134, 42, 5, '2022-05-31', 'Чернігів', NULL, NULL),
(135, 40, 12, '2022-06-12', 'Київ', NULL, NULL),
(136, 58, 2, '2022-05-09', 'Житомир', NULL, NULL),
(137, 33, 8, '2022-06-14', 'Чернівці', NULL, NULL),
(138, 46, 1, '2022-04-29', 'Суми', NULL, NULL),
(139, 27, 5, '2022-06-10', 'Херсон', NULL, NULL),
(140, 27, 8, '2022-05-29', 'Черкаси', NULL, NULL),
(141, 13, 9, '2022-06-07', 'Чернівці', NULL, NULL),
(142, 36, 2, '2022-06-06', 'Луцьк', NULL, NULL),
(143, 40, 5, '2022-05-23', 'Київ', NULL, NULL),
(144, 21, 6, '2022-06-15', 'Житомир', NULL, NULL),
(145, 16, 12, '2022-05-09', 'Дніпро', NULL, NULL),
(146, 9, 13, '2022-05-14', 'Вінниця', NULL, NULL),
(147, 66, 7, '2022-06-07', 'Луганськ', NULL, NULL),
(148, 44, 11, '2022-06-13', 'Ужгород', NULL, NULL),
(149, 5, 10, '2022-05-27', 'Одеса', NULL, NULL),
(150, 56, 4, '2022-05-17', 'Тернопіль', NULL, NULL),
(151, 66, 9, '2022-06-02', 'Харків', NULL, NULL),
(152, 19, 3, '2022-04-29', 'Чернівці', NULL, NULL),
(153, 18, 11, '2022-05-11', 'Херсон', NULL, NULL),
(154, 17, 8, '2022-05-16', 'Рівне', NULL, NULL),
(155, 60, 10, '2022-06-02', 'Донецьк', NULL, NULL),
(156, 53, 4, '2022-06-08', 'Запоріжжя', NULL, NULL),
(157, 27, 10, '2022-06-04', 'Запоріжжя', NULL, NULL),
(158, 64, 11, '2022-06-14', 'Миколаїв', NULL, NULL),
(159, 47, 10, '2022-05-29', 'Луцьк', NULL, NULL),
(160, 27, 11, '2022-06-14', 'Черкаси', NULL, NULL),
(161, 59, 1, '2022-06-12', 'Полтава', NULL, NULL),
(162, 17, 6, '2022-06-14', 'Рівне', NULL, NULL),
(163, 22, 2, '2022-06-05', 'Донецьк', NULL, NULL),
(164, 10, 8, '2022-04-28', 'Львів', NULL, NULL),
(165, 52, 5, '2022-05-09', 'Харків', NULL, NULL),
(166, 17, 3, '2022-05-08', 'Івано-Франківськ', NULL, NULL),
(167, 1, 10, '2022-05-22', 'Миколаїв', NULL, NULL),
(168, 4, 3, '2022-04-22', 'Харків', NULL, NULL),
(169, 57, 11, '2022-06-19', 'Івано-Франківськ', NULL, NULL),
(170, 41, 9, '2022-05-18', 'Чернівці', NULL, NULL),
(171, 11, 12, '2022-04-30', 'Луцьк', NULL, NULL),
(172, 31, 6, '2022-04-24', 'Донецьк', NULL, NULL),
(173, 48, 9, '2022-05-18', 'Дніпро', NULL, NULL),
(174, 41, 4, '2022-05-30', 'Вінниця', NULL, NULL),
(175, 35, 1, '2022-05-19', 'Полтава', NULL, NULL),
(176, 45, 11, '2022-06-19', 'Суми', NULL, NULL),
(177, 57, 13, '2022-05-14', 'Вінниця', NULL, NULL),
(178, 13, 9, '2022-05-20', 'Донецьк', NULL, NULL),
(179, 38, 6, '2022-06-09', 'Луганськ', NULL, NULL),
(180, 9, 12, '2022-06-16', 'Ужгород', NULL, NULL),
(181, 22, 1, '2022-04-23', 'Запоріжжя', NULL, NULL),
(182, 50, 8, '2022-06-02', 'Одеса', NULL, NULL),
(183, 49, 4, '2022-04-30', 'Львів', NULL, NULL),
(184, 44, 5, '2022-04-25', 'Вінниця', NULL, NULL),
(185, 12, 1, '2022-05-24', 'Кропивницький', NULL, NULL),
(186, 28, 12, '2022-05-05', 'Одеса', NULL, NULL),
(187, 30, 2, '2022-05-26', 'Черкаси', NULL, NULL),
(188, 22, 11, '2022-05-28', 'Херсон', NULL, NULL),
(189, 32, 3, '2022-05-03', 'Чернігів', NULL, NULL),
(190, 54, 11, '2022-06-09', 'Вінниця', NULL, NULL),
(191, 8, 1, '2022-06-19', 'Житомир', NULL, NULL),
(192, 13, 13, '2022-04-25', 'Чернівці', NULL, NULL),
(193, 18, 11, '2022-04-29', 'Миколаїв', NULL, NULL),
(194, 31, 7, '2022-05-29', 'Миколаїв', NULL, NULL),
(195, 30, 1, '2022-06-15', 'Харків', NULL, NULL),
(196, 7, 9, '2022-06-14', 'Луганськ', NULL, NULL),
(197, 6, 7, '2022-05-25', 'Луцьк', NULL, NULL),
(198, 48, 11, '2022-05-29', 'Дніпро', NULL, NULL),
(199, 54, 3, '2022-05-07', 'Львів', NULL, NULL),
(200, 15, 12, '2022-05-03', 'Полтава', NULL, NULL),
(201, 1, 4, '2022-06-10', 'Київ', NULL, NULL),
(202, 65, 8, '2022-06-19', 'Івано-Франківськ', NULL, NULL),
(203, 15, 4, '2022-05-11', 'Харків', NULL, NULL),
(204, 70, 12, '2022-05-02', 'Кропивницький', NULL, NULL),
(205, 4, 8, '2022-06-12', 'Харків', NULL, NULL),
(206, 4, 2, '2022-05-22', 'Кропивницький', NULL, NULL),
(207, 66, 11, '2022-06-07', 'Рівне', NULL, NULL),
(208, 9, 9, '2022-05-01', 'Миколаїв', NULL, NULL),
(209, 2, 5, '2022-05-04', 'Хмельницький', NULL, NULL),
(210, 61, 2, '2022-05-31', 'Львів', NULL, NULL),
(211, 48, 11, '2022-05-05', 'Тернопіль', NULL, NULL),
(212, 27, 8, '2022-05-27', 'Кропивницький', NULL, NULL),
(213, 17, 1, '2022-06-18', 'Хмельницький', NULL, NULL),
(214, 9, 12, '2022-05-14', 'Харків', NULL, NULL),
(215, 13, 5, '2022-05-17', 'Миколаїв', NULL, NULL),
(216, 39, 7, '2022-05-05', 'Тернопіль', NULL, NULL),
(217, 2, 8, '2022-05-27', 'Тернопіль', NULL, NULL),
(218, 36, 8, '2022-04-22', 'Черкаси', NULL, NULL),
(219, 27, 2, '2022-04-23', 'Одеса', NULL, NULL),
(220, 30, 12, '2022-05-08', 'Чернівці', NULL, NULL),
(221, 31, 3, '2022-05-20', 'Тернопіль', NULL, NULL),
(222, 21, 7, '2022-05-04', 'Львів', NULL, NULL),
(223, 8, 13, '2022-06-13', 'Запоріжжя', NULL, NULL),
(224, 44, 8, '2022-04-23', 'Миколаїв', NULL, NULL),
(225, 19, 9, '2022-05-03', 'Черкаси', NULL, NULL),
(226, 43, 2, '2022-05-17', 'Луцьк', NULL, NULL),
(227, 24, 4, '2022-06-20', 'Івано-Франківськ', NULL, NULL),
(228, 69, 7, '2022-06-10', 'Житомир', NULL, NULL),
(229, 52, 10, '2022-05-07', 'Житомир', NULL, NULL),
(230, 44, 8, '2022-04-29', 'Кропивницький', NULL, NULL),
(231, 1, 1, '2022-05-17', 'Кропивницький', NULL, NULL),
(232, 38, 5, '2022-05-22', 'Вінниця', NULL, NULL),
(233, 1, 5, '2022-05-29', 'Луцьк', NULL, NULL),
(234, 50, 2, '2022-05-12', 'Херсон', NULL, NULL),
(235, 24, 7, '2022-04-30', 'Миколаїв', NULL, NULL),
(236, 8, 8, '2022-06-11', 'Полтава', NULL, NULL),
(237, 32, 6, '2022-04-30', 'Луцьк', NULL, NULL),
(238, 11, 2, '2022-05-05', 'Вінниця', NULL, NULL),
(239, 54, 3, '2022-04-29', 'Вінниця', NULL, NULL),
(240, 31, 7, '2022-05-26', 'Вінниця', NULL, NULL),
(241, 17, 12, '2022-06-03', 'Запоріжжя', NULL, NULL),
(242, 5, 3, '2022-06-03', 'Херсон', NULL, NULL),
(243, 25, 7, '2022-06-19', 'Кропивницький', NULL, NULL),
(244, 62, 2, '2022-06-10', 'Харків', NULL, NULL),
(245, 22, 2, '2022-05-07', 'Житомир', NULL, NULL),
(246, 29, 7, '2022-06-12', 'Чернівці', NULL, NULL),
(247, 57, 12, '2022-05-08', 'Луганськ', NULL, NULL),
(248, 36, 12, '2022-06-02', 'Чернігів', NULL, NULL),
(249, 48, 13, '2022-05-12', 'Чернівці', NULL, NULL),
(250, 28, 2, '2022-06-20', 'Рівне', NULL, NULL),
(251, 34, 13, '2022-05-08', 'Миколаїв', NULL, NULL),
(252, 57, 6, '2022-04-30', 'Запоріжжя', NULL, NULL),
(253, 6, 5, '2022-06-15', 'Херсон', NULL, NULL),
(254, 47, 8, '2022-04-26', 'Черкаси', NULL, NULL),
(255, 10, 7, '2022-05-09', 'Хмельницький', NULL, NULL),
(256, 2, 3, '2022-04-23', 'Харків', NULL, NULL),
(257, 45, 2, '2022-06-19', 'Запоріжжя', NULL, NULL),
(258, 10, 8, '2022-04-27', 'Рівне', NULL, NULL),
(259, 38, 6, '2022-05-08', 'Луганськ', NULL, NULL),
(260, 24, 4, '2022-04-25', 'Чернівці', NULL, NULL),
(261, 2, 8, '2022-05-17', 'Івано-Франківськ', NULL, NULL),
(262, 30, 9, '2022-06-07', 'Вінниця', NULL, NULL),
(263, 51, 10, '2022-05-13', 'Миколаїв', NULL, NULL),
(264, 34, 3, '2022-05-05', 'Дніпро', NULL, NULL),
(265, 20, 11, '2022-04-24', 'Суми', NULL, NULL),
(266, 50, 3, '2022-04-23', 'Львів', NULL, NULL),
(267, 2, 6, '2022-06-10', 'Київ', NULL, NULL),
(268, 39, 8, '2022-06-16', 'Житомир', NULL, NULL),
(269, 69, 8, '2022-05-24', 'Полтава', NULL, NULL),
(270, 69, 9, '2022-04-30', 'Львів', NULL, NULL),
(271, 4, 13, '2022-05-21', 'Луцьк', NULL, NULL),
(272, 13, 13, '2022-05-17', 'Львів', NULL, NULL),
(273, 70, 9, '2022-05-06', 'Рівне', NULL, NULL),
(274, 44, 6, '2022-06-02', 'Донецьк', NULL, NULL),
(275, 56, 5, '2022-06-17', 'Львів', NULL, NULL),
(276, 12, 10, '2022-05-28', 'Харків', NULL, NULL),
(277, 12, 2, '2022-06-12', 'Тернопіль', NULL, NULL),
(278, 50, 8, '2022-05-13', 'Дніпро', NULL, NULL),
(279, 62, 2, '2022-06-05', 'Чернівці', NULL, NULL),
(280, 62, 2, '2022-05-05', 'Миколаїв', NULL, NULL),
(281, 36, 1, '2022-05-11', 'Луцьк', NULL, NULL),
(282, 53, 6, '2022-05-02', 'Хмельницький', NULL, NULL),
(283, 70, 4, '2022-06-19', 'Ужгород', NULL, NULL),
(284, 32, 6, '2022-05-10', 'Івано-Франківськ', NULL, NULL),
(285, 50, 6, '2022-06-03', 'Одеса', NULL, NULL),
(286, 52, 11, '2022-05-23', 'Одеса', NULL, NULL),
(287, 6, 6, '2022-04-24', 'Київ', NULL, NULL),
(288, 37, 12, '2022-06-17', 'Донецьк', NULL, NULL),
(289, 24, 4, '2022-05-23', 'Вінниця', NULL, NULL),
(290, 53, 3, '2022-05-14', 'Харків', NULL, NULL),
(291, 30, 7, '2022-05-17', 'Чернігів', NULL, NULL),
(292, 17, 3, '2022-05-20', 'Суми', NULL, NULL),
(293, 70, 8, '2022-06-07', 'Чернігів', NULL, NULL),
(294, 7, 5, '2022-05-20', 'Івано-Франківськ', NULL, NULL),
(295, 64, 10, '2022-06-01', 'Донецьк', NULL, NULL),
(296, 70, 13, '2022-06-07', 'Чернігів', NULL, NULL),
(297, 7, 1, '2022-04-30', 'Донецьк', NULL, NULL),
(298, 38, 12, '2022-06-16', 'Чернівці', NULL, NULL),
(299, 54, 10, '2022-05-25', 'Одеса', NULL, NULL),
(300, 62, 2, '2022-04-23', 'Миколаїв', NULL, NULL),
(301, 26, 5, '2022-06-12', 'Харків', NULL, NULL),
(302, 62, 10, '2022-05-11', 'Кропивницький', NULL, NULL),
(303, 36, 11, '2022-06-12', 'Кропивницький', NULL, NULL),
(304, 6, 7, '2022-05-29', 'Суми', NULL, NULL),
(305, 21, 3, '2022-06-06', 'Хмельницький', NULL, NULL),
(306, 45, 1, '2022-04-29', 'Чернівці', NULL, NULL),
(307, 13, 7, '2022-06-15', 'Луцьк', NULL, NULL),
(308, 61, 9, '2022-04-26', 'Донецьк', NULL, NULL),
(309, 29, 2, '2022-05-22', 'Запоріжжя', NULL, NULL),
(310, 37, 1, '2022-06-15', 'Житомир', NULL, NULL),
(311, 11, 11, '2022-06-06', 'Чернівці', NULL, NULL),
(312, 68, 11, '2022-05-25', 'Чернігів', NULL, NULL),
(313, 20, 9, '2022-06-06', 'Дніпро', NULL, NULL),
(314, 31, 12, '2022-05-31', 'Харків', NULL, NULL),
(315, 64, 11, '2022-05-02', 'Рівне', NULL, NULL),
(316, 14, 5, '2022-05-21', 'Запоріжжя', NULL, NULL),
(317, 34, 7, '2022-05-05', 'Вінниця', NULL, NULL),
(318, 13, 10, '2022-04-28', 'Львів', NULL, NULL),
(319, 70, 10, '2022-05-24', 'Черкаси', NULL, NULL),
(320, 35, 4, '2022-05-13', 'Луганськ', NULL, NULL),
(321, 9, 12, '2022-05-29', 'Вінниця', NULL, NULL),
(322, 26, 8, '2022-05-11', 'Львів', NULL, NULL),
(323, 46, 13, '2022-06-21', 'Житомир', NULL, NULL),
(324, 22, 12, '2022-06-11', 'Миколаїв', NULL, NULL),
(325, 19, 5, '2022-05-26', 'Вінниця', NULL, NULL),
(326, 30, 2, '2022-06-03', 'Хмельницький', NULL, NULL),
(327, 8, 9, '2022-04-27', 'Чернівці', NULL, NULL),
(328, 51, 13, '2022-05-29', 'Полтава', NULL, NULL),
(329, 67, 8, '2022-05-08', 'Одеса', NULL, NULL),
(330, 25, 8, '2022-06-04', 'Вінниця', NULL, NULL),
(331, 18, 8, '2022-04-23', 'Луцьк', NULL, NULL),
(332, 26, 9, '2022-04-30', 'Миколаїв', NULL, NULL),
(333, 39, 6, '2022-06-06', 'Запоріжжя', NULL, NULL),
(334, 57, 6, '2022-06-12', 'Хмельницький', NULL, NULL),
(335, 36, 7, '2022-05-07', 'Ужгород', NULL, NULL),
(336, 65, 11, '2022-06-17', 'Хмельницький', NULL, NULL),
(337, 55, 7, '2022-05-30', 'Ужгород', NULL, NULL),
(338, 40, 12, '2022-04-27', 'Полтава', NULL, NULL),
(339, 65, 2, '2022-05-10', 'Львів', NULL, NULL),
(340, 36, 5, '2022-06-21', 'Ужгород', NULL, NULL),
(341, 12, 2, '2022-04-30', 'Донецьк', NULL, NULL),
(342, 13, 4, '2022-05-16', 'Тернопіль', NULL, NULL),
(343, 42, 3, '2022-06-17', 'Житомир', NULL, NULL),
(344, 24, 10, '2022-05-06', 'Дніпро', NULL, NULL),
(345, 63, 13, '2022-05-15', 'Миколаїв', NULL, NULL),
(346, 38, 12, '2022-06-06', 'Донецьк', NULL, NULL),
(347, 54, 6, '2022-06-08', 'Хмельницький', NULL, NULL),
(348, 46, 7, '2022-05-06', 'Житомир', NULL, NULL),
(349, 48, 13, '2022-05-06', 'Кропивницький', NULL, NULL),
(350, 44, 11, '2022-05-23', 'Херсон', NULL, NULL),
(351, 54, 9, '2022-06-04', 'Донецьк', NULL, NULL),
(352, 23, 3, '2022-05-02', 'Суми', NULL, NULL),
(353, 52, 10, '2022-05-20', 'Запоріжжя', NULL, NULL),
(354, 31, 11, '2022-05-15', 'Донецьк', NULL, NULL),
(355, 43, 3, '2022-05-19', 'Миколаїв', NULL, NULL),
(356, 33, 9, '2022-06-01', 'Одеса', NULL, NULL),
(357, 48, 9, '2022-06-04', 'Харків', NULL, NULL),
(358, 43, 7, '2022-05-31', 'Суми', NULL, NULL),
(359, 45, 13, '2022-05-21', 'Київ', NULL, NULL),
(360, 34, 5, '2022-05-15', 'Луцьк', NULL, NULL),
(361, 4, 13, '2022-05-16', 'Рівне', NULL, NULL),
(362, 22, 4, '2022-05-27', 'Луганськ', NULL, NULL),
(363, 29, 11, '2022-05-13', 'Донецьк', NULL, NULL),
(364, 16, 2, '2022-05-11', 'Вінниця', NULL, NULL),
(365, 40, 1, '2022-04-25', 'Херсон', NULL, NULL),
(366, 26, 2, '2022-06-08', 'Донецьк', NULL, NULL),
(367, 20, 9, '2022-04-25', 'Миколаїв', NULL, NULL),
(368, 33, 5, '2022-05-10', 'Івано-Франківськ', NULL, NULL),
(369, 25, 7, '2022-05-27', 'Рівне', NULL, NULL),
(370, 20, 10, '2022-05-24', 'Луганськ', NULL, NULL),
(371, 51, 1, '2022-04-27', 'Запоріжжя', NULL, NULL),
(372, 44, 5, '2022-04-23', 'Кропивницький', NULL, NULL),
(373, 55, 1, '2022-05-31', 'Одеса', NULL, NULL),
(374, 4, 13, '2022-05-29', 'Черкаси', NULL, NULL),
(375, 45, 12, '2022-05-01', 'Ужгород', NULL, NULL),
(376, 62, 6, '2022-04-23', 'Чернігів', NULL, NULL),
(377, 16, 9, '2022-05-15', 'Харків', NULL, NULL),
(378, 34, 1, '2022-05-21', 'Житомир', NULL, NULL),
(379, 22, 10, '2022-05-30', 'Рівне', NULL, NULL),
(380, 21, 11, '2022-05-07', 'Вінниця', NULL, NULL),
(381, 47, 10, '2022-04-24', 'Харків', NULL, NULL),
(382, 32, 10, '2022-04-30', 'Хмельницький', NULL, NULL),
(383, 6, 6, '2022-06-21', 'Луцьк', NULL, NULL),
(384, 41, 9, '2022-06-05', 'Дніпро', NULL, NULL),
(385, 4, 6, '2022-06-10', 'Хмельницький', NULL, NULL),
(386, 25, 7, '2022-06-17', 'Кропивницький', NULL, NULL),
(387, 30, 9, '2022-04-29', 'Полтава', NULL, NULL),
(388, 67, 9, '2022-05-30', 'Луганськ', NULL, NULL),
(389, 14, 13, '2022-05-03', 'Львів', NULL, NULL),
(390, 18, 4, '2022-06-03', 'Харків', NULL, NULL),
(391, 9, 4, '2022-04-29', 'Луцьк', NULL, NULL),
(392, 2, 7, '2022-06-02', 'Житомир', NULL, NULL),
(393, 23, 10, '2022-05-31', 'Чернівці', NULL, NULL),
(394, 59, 5, '2022-06-19', 'Чернівці', NULL, NULL),
(395, 16, 9, '2022-05-11', 'Київ', NULL, NULL),
(396, 15, 5, '2022-05-29', 'Львів', NULL, NULL),
(397, 59, 5, '2022-06-18', 'Херсон', NULL, NULL),
(398, 43, 1, '2022-05-25', 'Хмельницький', NULL, NULL),
(399, 60, 4, '2022-05-18', 'Одеса', NULL, NULL),
(400, 4, 13, '2022-04-27', 'Чернігів', NULL, NULL),
(401, 4, 3, '2022-05-27', 'Київ', NULL, NULL),
(402, 55, 13, '2022-05-25', 'Луцьк', NULL, NULL),
(403, 53, 12, '2022-05-31', 'Кропивницький', NULL, NULL),
(404, 52, 3, '2022-06-05', 'Дніпро', NULL, NULL),
(405, 5, 12, '2022-05-03', 'Луцьк', NULL, NULL),
(406, 24, 13, '2022-04-29', 'Запоріжжя', NULL, NULL),
(407, 53, 13, '2022-04-28', 'Донецьк', NULL, NULL),
(408, 32, 8, '2022-06-07', 'Дніпро', NULL, NULL),
(409, 18, 10, '2022-04-28', 'Черкаси', NULL, NULL),
(410, 35, 4, '2022-06-10', 'Київ', NULL, NULL),
(411, 20, 6, '2022-05-22', 'Харків', NULL, NULL),
(412, 61, 1, '2022-05-24', 'Харків', NULL, NULL),
(413, 55, 10, '2022-05-26', 'Київ', NULL, NULL),
(414, 31, 6, '2022-05-13', 'Львів', NULL, NULL),
(415, 7, 12, '2022-05-29', 'Харків', NULL, NULL),
(416, 41, 5, '2022-05-28', 'Рівне', NULL, NULL),
(417, 56, 9, '2022-05-25', 'Дніпро', NULL, NULL),
(418, 8, 6, '2022-06-05', 'Черкаси', NULL, NULL),
(419, 63, 3, '2022-06-12', 'Львів', NULL, NULL),
(420, 54, 9, '2022-05-09', 'Хмельницький', NULL, NULL),
(421, 67, 12, '2022-06-13', 'Полтава', NULL, NULL),
(422, 63, 9, '2022-04-30', 'Полтава', NULL, NULL),
(423, 26, 9, '2022-06-11', 'Рівне', NULL, NULL),
(424, 38, 4, '2022-06-13', 'Ужгород', NULL, NULL),
(425, 11, 10, '2022-05-11', 'Луганськ', NULL, NULL),
(426, 32, 3, '2022-04-22', 'Київ', NULL, NULL),
(427, 8, 2, '2022-04-27', 'Луцьк', NULL, NULL),
(428, 21, 13, '2022-05-13', 'Луганськ', NULL, NULL),
(429, 6, 2, '2022-06-09', 'Луцьк', NULL, NULL),
(430, 24, 12, '2022-05-25', 'Кропивницький', NULL, NULL),
(431, 52, 10, '2022-05-06', 'Запоріжжя', NULL, NULL),
(432, 16, 3, '2022-04-28', 'Запоріжжя', NULL, NULL),
(433, 31, 7, '2022-06-16', 'Київ', NULL, NULL),
(434, 2, 8, '2022-06-11', 'Івано-Франківськ', NULL, NULL),
(435, 62, 7, '2022-04-27', 'Суми', NULL, NULL),
(436, 50, 2, '2022-06-04', 'Кропивницький', NULL, NULL),
(437, 34, 2, '2022-04-29', 'Донецьк', NULL, NULL),
(438, 1, 1, '2022-05-25', 'Луганськ', NULL, NULL),
(439, 42, 6, '2022-05-23', 'Полтава', NULL, NULL),
(440, 52, 7, '2022-06-15', 'Полтава', NULL, NULL),
(441, 5, 12, '2022-05-27', 'Донецьк', NULL, NULL),
(442, 66, 11, '2022-04-30', 'Харків', NULL, NULL),
(443, 23, 7, '2022-04-30', 'Одеса', NULL, NULL),
(444, 7, 13, '2022-06-11', 'Чернігів', NULL, NULL),
(445, 64, 8, '2022-06-20', 'Житомир', NULL, NULL),
(446, 11, 1, '2022-06-05', 'Суми', NULL, NULL),
(447, 40, 11, '2022-04-24', 'Запоріжжя', NULL, NULL),
(448, 41, 6, '2022-06-17', 'Вінниця', NULL, NULL),
(449, 47, 1, '2022-06-06', 'Чернівці', NULL, NULL),
(450, 38, 12, '2022-05-20', 'Житомир', NULL, NULL),
(451, 63, 1, '2022-04-29', 'Луцьк', NULL, NULL),
(452, 12, 8, '2022-05-28', 'Луцьк', NULL, NULL),
(453, 31, 2, '2022-04-23', 'Кропивницький', NULL, NULL),
(454, 45, 7, '2022-06-04', 'Вінниця', NULL, NULL),
(455, 5, 5, '2022-05-31', 'Донецьк', NULL, NULL),
(456, 46, 6, '2022-05-13', 'Луганськ', NULL, NULL),
(457, 11, 12, '2022-06-02', 'Донецьк', NULL, NULL),
(458, 43, 5, '2022-06-05', 'Вінниця', NULL, NULL),
(459, 16, 11, '2022-06-12', 'Івано-Франківськ', NULL, NULL),
(460, 3, 8, '2022-06-21', 'Харків', NULL, NULL),
(461, 3, 8, '2022-06-05', 'Луцьк', NULL, NULL),
(462, 60, 1, '2022-05-04', 'Миколаїв', NULL, NULL),
(463, 30, 7, '2022-06-21', 'Черкаси', NULL, NULL),
(464, 36, 4, '2022-04-23', 'Вінниця', NULL, NULL),
(465, 3, 3, '2022-06-16', 'Миколаїв', NULL, NULL),
(466, 38, 8, '2022-06-08', 'Черкаси', NULL, NULL),
(467, 55, 8, '2022-06-07', 'Запоріжжя', NULL, NULL),
(468, 41, 11, '2022-05-19', 'Черкаси', NULL, NULL),
(469, 40, 8, '2022-05-06', 'Миколаїв', NULL, NULL),
(470, 59, 11, '2022-04-30', 'Тернопіль', NULL, NULL),
(471, 65, 10, '2022-05-28', 'Ужгород', NULL, NULL),
(472, 17, 5, '2022-05-10', 'Київ', NULL, NULL),
(473, 41, 4, '2022-04-23', 'Одеса', NULL, NULL),
(474, 27, 10, '2022-05-03', 'Вінниця', NULL, NULL),
(475, 10, 1, '2022-05-16', 'Тернопіль', NULL, NULL),
(476, 48, 10, '2022-05-26', 'Тернопіль', NULL, NULL),
(477, 4, 12, '2022-05-26', 'Черкаси', NULL, NULL),
(478, 3, 9, '2022-05-18', 'Київ', NULL, NULL),
(479, 19, 13, '2022-05-09', 'Житомир', NULL, NULL),
(480, 9, 10, '2022-05-04', 'Донецьк', NULL, NULL),
(481, 70, 4, '2022-05-04', 'Житомир', NULL, NULL),
(482, 64, 1, '2022-05-30', 'Суми', NULL, NULL),
(483, 57, 8, '2022-06-08', 'Донецьк', NULL, NULL),
(484, 66, 3, '2022-04-27', 'Луцьк', NULL, NULL),
(485, 53, 7, '2022-05-14', 'Донецьк', NULL, NULL),
(486, 62, 9, '2022-06-03', 'Кропивницький', NULL, NULL),
(487, 38, 5, '2022-05-29', 'Херсон', NULL, NULL),
(488, 2, 13, '2022-05-01', 'Рівне', NULL, NULL),
(489, 18, 11, '2022-05-24', 'Львів', NULL, NULL),
(490, 8, 13, '2022-05-20', 'Київ', NULL, NULL),
(491, 41, 13, '2022-06-16', 'Чернівці', NULL, NULL),
(492, 42, 1, '2022-05-23', 'Харків', NULL, NULL),
(493, 59, 4, '2022-05-08', 'Дніпро', NULL, NULL),
(494, 48, 12, '2022-06-10', 'Черкаси', NULL, NULL),
(495, 16, 4, '2022-05-16', 'Луцьк', NULL, NULL),
(496, 35, 9, '2022-05-13', 'Івано-Франківськ', NULL, NULL),
(497, 38, 2, '2022-06-17', 'Донецьк', NULL, NULL),
(498, 19, 9, '2022-05-19', 'Полтава', NULL, NULL),
(499, 16, 9, '2022-04-28', 'Дніпро', NULL, NULL),
(500, 57, 2, '2022-06-18', 'Чернігів', NULL, NULL),
(501, 42, 4, '2022-06-11', 'Київ', NULL, NULL),
(502, 31, 4, '2022-06-11', 'Черкаси', NULL, NULL),
(503, 39, 2, '2022-06-11', 'Полтава', NULL, NULL),
(504, 43, 11, '2022-05-15', 'Луцьк', NULL, NULL),
(505, 35, 5, '2022-06-15', 'Тернопіль', NULL, NULL),
(506, 51, 8, '2022-05-15', 'Житомир', NULL, NULL),
(507, 23, 7, '2022-06-21', 'Івано-Франківськ', NULL, NULL),
(508, 6, 1, '2022-06-07', 'Київ', NULL, NULL),
(509, 4, 3, '2022-05-01', 'Миколаїв', NULL, NULL),
(510, 54, 4, '2022-06-11', 'Луганськ', NULL, NULL),
(511, 38, 8, '2022-05-05', 'Хмельницький', NULL, NULL),
(512, 6, 9, '2022-05-03', 'Луцьк', NULL, NULL),
(513, 20, 5, '2022-06-04', 'Миколаїв', NULL, NULL),
(514, 7, 9, '2022-05-27', 'Миколаїв', NULL, NULL),
(515, 48, 4, '2022-05-30', 'Миколаїв', NULL, NULL),
(516, 66, 11, '2022-04-30', 'Хмельницький', NULL, NULL),
(517, 4, 12, '2022-06-17', 'Донецьк', NULL, NULL),
(518, 50, 5, '2022-05-28', 'Запоріжжя', NULL, NULL),
(519, 6, 5, '2022-05-07', 'Луганськ', NULL, NULL),
(520, 44, 2, '2022-05-02', 'Рівне', NULL, NULL),
(521, 63, 12, '2022-06-01', 'Полтава', NULL, NULL),
(522, 32, 4, '2022-06-14', 'Одеса', NULL, NULL),
(523, 39, 3, '2022-06-13', 'Чернівці', NULL, NULL),
(524, 15, 10, '2022-06-01', 'Херсон', NULL, NULL),
(525, 41, 10, '2022-05-13', 'Суми', NULL, NULL),
(526, 63, 3, '2022-06-15', 'Луганськ', NULL, NULL),
(527, 34, 13, '2022-06-17', 'Ужгород', NULL, NULL),
(528, 49, 7, '2022-05-02', 'Хмельницький', NULL, NULL),
(529, 11, 8, '2022-06-02', 'Луцьк', NULL, NULL),
(530, 29, 7, '2022-04-22', 'Донецьк', NULL, NULL),
(531, 30, 3, '2022-06-01', 'Вінниця', NULL, NULL),
(532, 66, 8, '2022-04-30', 'Миколаїв', NULL, NULL),
(533, 16, 8, '2022-06-13', 'Луганськ', NULL, NULL),
(534, 46, 8, '2022-06-02', 'Чернівці', NULL, NULL),
(535, 25, 12, '2022-04-26', 'Черкаси', NULL, NULL),
(536, 24, 4, '2022-05-15', 'Запоріжжя', NULL, NULL),
(537, 57, 13, '2022-05-12', 'Миколаїв', NULL, NULL),
(538, 15, 1, '2022-05-05', 'Івано-Франківськ', NULL, NULL),
(539, 7, 8, '2022-05-17', 'Херсон', NULL, NULL),
(540, 65, 1, '2022-06-16', 'Тернопіль', NULL, NULL),
(541, 7, 9, '2022-04-25', 'Миколаїв', NULL, NULL),
(542, 57, 2, '2022-06-03', 'Одеса', NULL, NULL),
(543, 17, 12, '2022-05-05', 'Житомир', NULL, NULL),
(544, 50, 7, '2022-06-13', 'Запоріжжя', NULL, NULL),
(545, 3, 13, '2022-04-27', 'Запоріжжя', NULL, NULL),
(546, 13, 8, '2022-05-09', 'Черкаси', NULL, NULL),
(547, 9, 12, '2022-05-14', 'Вінниця', NULL, NULL),
(548, 21, 3, '2022-05-03', 'Полтава', NULL, NULL),
(549, 66, 12, '2022-05-12', 'Донецьк', NULL, NULL),
(550, 40, 11, '2022-05-05', 'Дніпро', NULL, NULL),
(551, 4, 7, '2022-04-25', 'Суми', NULL, NULL),
(552, 35, 9, '2022-05-12', 'Івано-Франківськ', NULL, NULL),
(553, 45, 13, '2022-05-31', 'Івано-Франківськ', NULL, NULL),
(554, 9, 12, '2022-06-01', 'Чернігів', NULL, NULL),
(555, 61, 9, '2022-05-23', 'Житомир', NULL, NULL),
(556, 42, 2, '2022-06-10', 'Івано-Франківськ', NULL, NULL),
(557, 46, 7, '2022-05-01', 'Чернівці', NULL, NULL),
(558, 1, 9, '2022-05-04', 'Донецьк', NULL, NULL),
(559, 4, 12, '2022-06-03', 'Хмельницький', NULL, NULL),
(560, 36, 13, '2022-04-30', 'Донецьк', NULL, NULL),
(561, 19, 12, '2022-05-30', 'Донецьк', NULL, NULL),
(562, 26, 13, '2022-05-26', 'Запоріжжя', NULL, NULL),
(563, 37, 8, '2022-04-26', 'Хмельницький', NULL, NULL),
(564, 39, 3, '2022-04-30', 'Донецьк', NULL, NULL),
(565, 58, 4, '2022-05-15', 'Житомир', NULL, NULL),
(566, 20, 7, '2022-05-28', 'Рівне', NULL, NULL),
(567, 32, 11, '2022-06-13', 'Черкаси', NULL, NULL),
(568, 55, 12, '2022-06-12', 'Хмельницький', NULL, NULL),
(569, 39, 6, '2022-04-30', 'Київ', NULL, NULL),
(570, 57, 6, '2022-05-01', 'Хмельницький', NULL, NULL),
(571, 24, 5, '2022-06-07', 'Херсон', NULL, NULL),
(572, 49, 9, '2022-05-23', 'Херсон', NULL, NULL),
(573, 56, 4, '2022-05-27', 'Луганськ', NULL, NULL),
(574, 19, 11, '2022-05-21', 'Донецьк', NULL, NULL),
(575, 56, 5, '2022-04-28', 'Луганськ', NULL, NULL),
(576, 17, 13, '2022-05-22', 'Вінниця', NULL, NULL),
(577, 21, 9, '2022-06-11', 'Луцьк', NULL, NULL),
(578, 64, 1, '2022-06-08', 'Донецьк', NULL, NULL),
(579, 6, 10, '2022-06-17', 'Луцьк', NULL, NULL),
(580, 31, 12, '2022-06-11', 'Дніпро', NULL, NULL),
(581, 28, 5, '2022-06-01', 'Луцьк', NULL, NULL),
(582, 39, 12, '2022-05-15', 'Луцьк', NULL, NULL),
(583, 1, 5, '2022-05-10', 'Ужгород', NULL, NULL),
(584, 63, 1, '2022-06-01', 'Івано-Франківськ', NULL, NULL),
(585, 37, 3, '2022-05-26', 'Донецьк', NULL, NULL),
(586, 50, 10, '2022-05-01', 'Тернопіль', NULL, NULL),
(587, 66, 10, '2022-05-03', 'Миколаїв', NULL, NULL),
(588, 35, 12, '2022-05-01', 'Черкаси', NULL, NULL),
(589, 37, 13, '2022-05-09', 'Донецьк', NULL, NULL),
(590, 22, 1, '2022-06-03', 'Дніпро', NULL, NULL),
(591, 45, 8, '2022-05-12', 'Херсон', NULL, NULL),
(592, 20, 3, '2022-06-16', 'Ужгород', NULL, NULL),
(593, 46, 5, '2022-04-27', 'Чернігів', NULL, NULL),
(594, 49, 5, '2022-05-03', 'Черкаси', NULL, NULL),
(595, 23, 1, '2022-05-30', 'Херсон', NULL, NULL),
(596, 21, 7, '2022-05-27', 'Харків', NULL, NULL),
(597, 38, 5, '2022-05-24', 'Дніпро', NULL, NULL),
(598, 65, 10, '2022-05-12', 'Одеса', NULL, NULL),
(599, 15, 11, '2022-05-06', 'Запоріжжя', NULL, NULL),
(600, 51, 11, '2022-06-07', 'Київ', NULL, NULL),
(601, 14, 2, '2022-05-20', 'Донецьк', NULL, NULL),
(602, 17, 3, '2022-05-10', 'Ужгород', NULL, NULL),
(603, 70, 6, '2022-04-24', 'Полтава', NULL, NULL),
(604, 48, 9, '2022-04-30', 'Кропивницький', NULL, NULL),
(605, 2, 12, '2022-06-12', 'Житомир', NULL, NULL),
(606, 55, 6, '2022-05-29', 'Луцьк', NULL, NULL),
(607, 2, 10, '2022-05-16', 'Вінниця', NULL, NULL),
(608, 47, 9, '2022-04-23', 'Чернігів', NULL, NULL),
(609, 54, 3, '2022-06-17', 'Запоріжжя', NULL, NULL),
(610, 66, 11, '2022-05-27', 'Луцьк', NULL, NULL),
(611, 65, 3, '2022-05-24', 'Запоріжжя', NULL, NULL),
(612, 2, 10, '2022-05-22', 'Житомир', NULL, NULL),
(613, 70, 5, '2022-05-26', 'Київ', NULL, NULL),
(614, 39, 5, '2022-04-29', 'Кропивницький', NULL, NULL),
(615, 23, 13, '2022-05-25', 'Чернігів', NULL, NULL),
(616, 13, 2, '2022-05-01', 'Донецьк', NULL, NULL),
(617, 48, 6, '2022-05-11', 'Кропивницький', NULL, NULL),
(618, 52, 3, '2022-05-26', 'Донецьк', NULL, NULL),
(619, 11, 6, '2022-05-25', 'Суми', NULL, NULL),
(620, 17, 11, '2022-06-07', 'Івано-Франківськ', NULL, NULL),
(621, 41, 5, '2022-06-05', 'Житомир', NULL, NULL),
(622, 16, 9, '2022-05-02', 'Чернігів', NULL, NULL),
(623, 40, 9, '2022-05-11', 'Полтава', NULL, NULL),
(624, 12, 10, '2022-05-07', 'Кропивницький', NULL, NULL),
(625, 20, 13, '2022-06-07', 'Київ', NULL, NULL),
(626, 6, 11, '2022-06-18', 'Миколаїв', NULL, NULL),
(627, 5, 11, '2022-05-16', 'Рівне', NULL, NULL),
(628, 39, 12, '2022-04-24', 'Одеса', NULL, NULL),
(629, 40, 2, '2022-06-21', 'Київ', NULL, NULL),
(630, 28, 7, '2022-04-26', 'Тернопіль', NULL, NULL),
(631, 67, 13, '2022-05-09', 'Тернопіль', NULL, NULL),
(632, 44, 12, '2022-06-01', 'Одеса', NULL, NULL),
(633, 28, 2, '2022-06-03', 'Черкаси', NULL, NULL),
(634, 11, 10, '2022-05-25', 'Тернопіль', NULL, NULL),
(635, 55, 5, '2022-06-17', 'Львів', NULL, NULL),
(636, 34, 10, '2022-06-14', 'Одеса', NULL, NULL),
(637, 4, 1, '2022-06-12', 'Кропивницький', NULL, NULL),
(638, 9, 6, '2022-06-20', 'Тернопіль', NULL, NULL),
(639, 29, 6, '2022-06-11', 'Донецьк', NULL, NULL),
(640, 2, 7, '2022-05-08', 'Чернігів', NULL, NULL),
(641, 36, 3, '2022-05-11', 'Кропивницький', NULL, NULL),
(642, 41, 9, '2022-06-03', 'Житомир', NULL, NULL),
(643, 61, 2, '2022-06-14', 'Донецьк', NULL, NULL),
(644, 37, 7, '2022-04-29', 'Чернігів', NULL, NULL),
(645, 58, 9, '2022-05-21', 'Одеса', NULL, NULL),
(646, 21, 7, '2022-06-11', 'Миколаїв', NULL, NULL),
(647, 50, 5, '2022-05-07', 'Львів', NULL, NULL),
(648, 38, 2, '2022-06-07', 'Харків', NULL, NULL),
(649, 18, 6, '2022-04-26', 'Луцьк', NULL, NULL),
(650, 46, 12, '2022-05-23', 'Запоріжжя', NULL, NULL),
(651, 31, 4, '2022-06-13', 'Хмельницький', NULL, NULL),
(652, 53, 11, '2022-05-20', 'Чернігів', NULL, NULL),
(653, 3, 7, '2022-06-04', 'Луцьк', NULL, NULL),
(654, 19, 10, '2022-05-22', 'Полтава', NULL, NULL),
(655, 51, 12, '2022-06-09', 'Чернівці', NULL, NULL),
(656, 23, 5, '2022-05-04', 'Дніпро', NULL, NULL),
(657, 30, 3, '2022-06-03', 'Донецьк', NULL, NULL),
(658, 16, 13, '2022-06-11', 'Львів', NULL, NULL),
(659, 5, 5, '2022-05-08', 'Луганськ', NULL, NULL),
(660, 18, 3, '2022-06-20', 'Чернівці', NULL, NULL),
(661, 27, 11, '2022-06-13', 'Ужгород', NULL, NULL),
(662, 38, 7, '2022-04-22', 'Луцьк', NULL, NULL),
(663, 15, 6, '2022-06-10', 'Суми', NULL, NULL),
(664, 65, 10, '2022-06-14', 'Запоріжжя', NULL, NULL),
(665, 68, 2, '2022-06-09', 'Полтава', NULL, NULL),
(666, 17, 5, '2022-05-23', 'Рівне', NULL, NULL),
(667, 61, 10, '2022-06-14', 'Полтава', NULL, NULL),
(668, 52, 13, '2022-05-21', 'Миколаїв', NULL, NULL),
(669, 54, 2, '2022-05-02', 'Черкаси', NULL, NULL),
(670, 52, 6, '2022-05-19', 'Одеса', NULL, NULL),
(671, 40, 4, '2022-05-06', 'Луганськ', NULL, NULL),
(672, 68, 13, '2022-05-10', 'Миколаїв', NULL, NULL),
(673, 52, 2, '2022-05-01', 'Тернопіль', NULL, NULL),
(674, 23, 4, '2022-05-09', 'Харків', NULL, NULL),
(675, 37, 12, '2022-04-24', 'Хмельницький', NULL, NULL),
(676, 34, 2, '2022-05-10', 'Чернівці', NULL, NULL),
(677, 50, 7, '2022-05-10', 'Миколаїв', NULL, NULL),
(678, 48, 2, '2022-05-24', 'Чернівці', NULL, NULL),
(679, 49, 9, '2022-06-01', 'Чернівці', NULL, NULL),
(680, 68, 13, '2022-05-28', 'Харків', NULL, NULL),
(681, 18, 11, '2022-04-24', 'Ужгород', NULL, NULL),
(682, 9, 13, '2022-05-16', 'Херсон', NULL, NULL),
(683, 8, 8, '2022-05-25', 'Житомир', NULL, NULL),
(684, 28, 2, '2022-05-15', 'Чернівці', NULL, NULL),
(685, 7, 10, '2022-04-22', 'Кропивницький', NULL, NULL),
(686, 65, 1, '2022-05-24', 'Тернопіль', NULL, NULL),
(687, 34, 6, '2022-06-14', 'Хмельницький', NULL, NULL),
(688, 41, 1, '2022-05-18', 'Луцьк', NULL, NULL),
(689, 57, 10, '2022-05-03', 'Івано-Франківськ', NULL, NULL),
(690, 6, 13, '2022-06-19', 'Суми', NULL, NULL),
(691, 45, 4, '2022-06-04', 'Одеса', NULL, NULL),
(692, 47, 12, '2022-06-19', 'Суми', NULL, NULL),
(693, 5, 13, '2022-05-28', 'Луганськ', NULL, NULL),
(694, 49, 8, '2022-05-08', 'Миколаїв', NULL, NULL),
(695, 25, 1, '2022-05-14', 'Ужгород', NULL, NULL),
(696, 69, 8, '2022-04-25', 'Хмельницький', NULL, NULL),
(697, 38, 10, '2022-04-23', 'Луцьк', NULL, NULL),
(698, 62, 8, '2022-05-01', 'Харків', NULL, NULL),
(699, 47, 6, '2022-05-22', 'Кропивницький', NULL, NULL),
(700, 5, 12, '2022-04-27', 'Хмельницький', NULL, NULL),
(701, 25, 10, '2022-06-20', 'Кропивницький', NULL, NULL),
(702, 51, 2, '2022-04-23', 'Івано-Франківськ', NULL, NULL),
(703, 58, 5, '2022-05-03', 'Івано-Франківськ', NULL, NULL),
(704, 52, 12, '2022-05-30', 'Івано-Франківськ', NULL, NULL),
(705, 20, 11, '2022-05-22', 'Житомир', NULL, NULL),
(706, 4, 3, '2022-05-09', 'Львів', NULL, NULL),
(707, 26, 8, '2022-05-25', 'Чернігів', NULL, NULL),
(708, 4, 5, '2022-04-25', 'Миколаїв', NULL, NULL),
(709, 29, 8, '2022-05-28', 'Ужгород', NULL, NULL),
(710, 61, 8, '2022-05-25', 'Кропивницький', NULL, NULL),
(711, 14, 7, '2022-05-25', 'Херсон', NULL, NULL),
(712, 12, 8, '2022-05-20', 'Донецьк', NULL, NULL),
(713, 20, 13, '2022-06-19', 'Вінниця', NULL, NULL),
(714, 42, 13, '2022-05-05', 'Рівне', NULL, NULL),
(715, 44, 4, '2022-05-08', 'Донецьк', NULL, NULL),
(716, 58, 1, '2022-06-16', 'Херсон', NULL, NULL),
(717, 48, 3, '2022-06-20', 'Чернівці', NULL, NULL),
(718, 20, 11, '2022-05-28', 'Харків', NULL, NULL),
(719, 21, 2, '2022-04-29', 'Вінниця', NULL, NULL),
(720, 68, 3, '2022-06-14', 'Чернівці', NULL, NULL),
(721, 1, 7, '2022-06-17', 'Донецьк', NULL, NULL),
(722, 38, 1, '2022-05-06', 'Донецьк', NULL, NULL),
(723, 44, 5, '2022-06-15', 'Львів', NULL, NULL),
(724, 16, 2, '2022-05-11', 'Ужгород', NULL, NULL),
(725, 40, 6, '2022-06-06', 'Харків', NULL, NULL),
(726, 66, 7, '2022-05-01', 'Запоріжжя', NULL, NULL),
(727, 20, 3, '2022-05-11', 'Дніпро', NULL, NULL),
(728, 65, 3, '2022-04-24', 'Кропивницький', NULL, NULL),
(729, 51, 11, '2022-05-06', 'Суми', NULL, NULL),
(730, 63, 11, '2022-05-22', 'Івано-Франківськ', NULL, NULL),
(731, 4, 6, '2022-06-02', 'Івано-Франківськ', NULL, NULL),
(732, 64, 3, '2022-05-05', 'Житомир', NULL, NULL),
(733, 54, 5, '2022-06-21', 'Ужгород', NULL, NULL),
(734, 66, 2, '2022-05-13', 'Полтава', NULL, NULL),
(735, 45, 9, '2022-04-30', 'Луганськ', NULL, NULL),
(736, 40, 13, '2022-05-25', 'Ужгород', NULL, NULL),
(737, 15, 9, '2022-05-08', 'Луганськ', NULL, NULL),
(738, 12, 7, '2022-06-20', 'Одеса', NULL, NULL),
(739, 21, 1, '2022-05-10', 'Суми', NULL, NULL),
(740, 9, 11, '2022-06-05', 'Кропивницький', NULL, NULL),
(741, 22, 10, '2022-04-29', 'Суми', NULL, NULL),
(742, 30, 12, '2022-05-31', 'Вінниця', NULL, NULL),
(743, 5, 7, '2022-05-25', 'Миколаїв', NULL, NULL),
(744, 1, 6, '2022-04-24', 'Дніпро', NULL, NULL),
(745, 1, 6, '2022-05-28', 'Житомир', NULL, NULL),
(746, 31, 8, '2022-06-10', 'Вінниця', NULL, NULL),
(747, 70, 5, '2022-05-27', 'Донецьк', NULL, NULL),
(748, 7, 12, '2022-06-03', 'Київ', NULL, NULL),
(749, 34, 12, '2022-05-25', 'Ужгород', NULL, NULL),
(750, 70, 11, '2022-05-31', 'Черкаси', NULL, NULL),
(751, 40, 8, '2022-06-14', 'Луганськ', NULL, NULL),
(752, 28, 8, '2022-05-12', 'Луцьк', NULL, NULL),
(753, 35, 8, '2022-04-30', 'Кропивницький', NULL, NULL),
(754, 31, 7, '2022-05-29', 'Кропивницький', NULL, NULL),
(755, 34, 13, '2022-04-24', 'Луганськ', NULL, NULL),
(756, 46, 8, '2022-05-17', 'Житомир', NULL, NULL),
(757, 1, 11, '2022-05-23', 'Суми', NULL, NULL),
(758, 16, 5, '2022-05-18', 'Луганськ', NULL, NULL),
(759, 68, 2, '2022-05-17', 'Луганськ', NULL, NULL),
(760, 43, 7, '2022-06-15', 'Кропивницький', NULL, NULL),
(761, 40, 3, '2022-06-03', 'Донецьк', NULL, NULL),
(762, 23, 9, '2022-06-13', 'Одеса', NULL, NULL),
(763, 38, 6, '2022-05-11', 'Вінниця', NULL, NULL),
(764, 10, 9, '2022-06-06', 'Хмельницький', NULL, NULL),
(765, 56, 7, '2022-05-14', 'Луцьк', NULL, NULL),
(766, 65, 10, '2022-06-12', 'Херсон', NULL, NULL),
(767, 52, 9, '2022-05-31', 'Одеса', NULL, NULL),
(768, 53, 1, '2022-06-09', 'Одеса', NULL, NULL),
(769, 51, 9, '2022-05-12', 'Рівне', NULL, NULL),
(770, 32, 13, '2022-04-29', 'Вінниця', NULL, NULL),
(771, 34, 4, '2022-05-22', 'Житомир', NULL, NULL),
(772, 40, 12, '2022-04-29', 'Київ', NULL, NULL),
(773, 29, 5, '2022-04-27', 'Полтава', NULL, NULL),
(774, 3, 6, '2022-05-15', 'Черкаси', NULL, NULL),
(775, 31, 5, '2022-06-15', 'Київ', NULL, NULL),
(776, 14, 2, '2022-04-26', 'Полтава', NULL, NULL),
(777, 8, 4, '2022-05-16', 'Житомир', NULL, NULL),
(778, 38, 2, '2022-05-27', 'Львів', NULL, NULL),
(779, 24, 13, '2022-04-30', 'Кропивницький', NULL, NULL),
(780, 14, 8, '2022-05-03', 'Вінниця', NULL, NULL),
(781, 49, 9, '2022-05-13', 'Херсон', NULL, NULL),
(782, 65, 5, '2022-05-19', 'Донецьк', NULL, NULL),
(783, 16, 9, '2022-06-11', 'Миколаїв', NULL, NULL),
(784, 54, 7, '2022-05-30', 'Полтава', NULL, NULL),
(785, 51, 7, '2022-06-13', 'Херсон', NULL, NULL),
(786, 6, 9, '2022-04-25', 'Хмельницький', NULL, NULL),
(787, 60, 9, '2022-05-17', 'Тернопіль', NULL, NULL),
(788, 18, 13, '2022-05-24', 'Харків', NULL, NULL),
(789, 59, 6, '2022-05-05', 'Чернігів', NULL, NULL),
(790, 61, 13, '2022-05-28', 'Харків', NULL, NULL),
(791, 10, 9, '2022-05-22', 'Херсон', NULL, NULL),
(792, 59, 9, '2022-06-09', 'Херсон', NULL, NULL),
(793, 6, 3, '2022-05-08', 'Луцьк', NULL, NULL),
(794, 33, 9, '2022-04-26', 'Дніпро', NULL, NULL),
(795, 12, 5, '2022-05-07', 'Чернігів', NULL, NULL),
(796, 11, 11, '2022-05-09', 'Миколаїв', NULL, NULL),
(797, 3, 3, '2022-06-11', 'Івано-Франківськ', NULL, NULL),
(798, 45, 10, '2022-06-20', 'Одеса', NULL, NULL),
(799, 57, 13, '2022-04-28', 'Миколаїв', NULL, NULL),
(800, 7, 13, '2022-06-10', 'Луцьк', NULL, NULL),
(801, 16, 11, '2022-06-13', 'Донецьк', NULL, NULL),
(802, 5, 9, '2022-06-03', 'Суми', NULL, NULL),
(803, 38, 12, '2022-05-29', 'Луцьк', NULL, NULL),
(804, 24, 10, '2022-05-03', 'Ужгород', NULL, NULL),
(805, 37, 10, '2022-06-10', 'Рівне', NULL, NULL),
(806, 12, 12, '2022-05-28', 'Одеса', NULL, NULL),
(807, 65, 1, '2022-05-23', 'Вінниця', NULL, NULL),
(808, 64, 12, '2022-04-26', 'Чернівці', NULL, NULL),
(809, 20, 12, '2022-06-08', 'Луцьк', NULL, NULL),
(810, 19, 8, '2022-06-12', 'Чернігів', NULL, NULL),
(811, 56, 7, '2022-06-14', 'Полтава', NULL, NULL),
(812, 9, 2, '2022-05-06', 'Хмельницький', NULL, NULL),
(813, 48, 2, '2022-06-13', 'Кропивницький', NULL, NULL),
(814, 51, 8, '2022-06-13', 'Миколаїв', NULL, NULL),
(815, 33, 6, '2022-04-29', 'Хмельницький', NULL, NULL),
(816, 59, 9, '2022-05-29', 'Луцьк', NULL, NULL),
(817, 40, 10, '2022-05-08', 'Житомир', NULL, NULL),
(818, 61, 2, '2022-04-25', 'Київ', NULL, NULL),
(819, 9, 8, '2022-05-07', 'Запоріжжя', NULL, NULL),
(820, 19, 3, '2022-04-24', 'Чернівці', NULL, NULL),
(821, 63, 13, '2022-04-27', 'Дніпро', NULL, NULL),
(822, 36, 5, '2022-05-21', 'Вінниця', NULL, NULL),
(823, 52, 2, '2022-05-10', 'Харків', NULL, NULL),
(824, 10, 2, '2022-05-22', 'Хмельницький', NULL, NULL),
(825, 36, 4, '2022-05-02', 'Миколаїв', NULL, NULL),
(826, 27, 3, '2022-05-17', 'Житомир', NULL, NULL),
(827, 57, 11, '2022-05-23', 'Запоріжжя', NULL, NULL),
(828, 46, 10, '2022-05-21', 'Миколаїв', NULL, NULL),
(829, 57, 12, '2022-05-04', 'Житомир', NULL, NULL),
(830, 6, 3, '2022-05-23', 'Луганськ', NULL, NULL),
(831, 30, 8, '2022-06-14', 'Харків', NULL, NULL),
(832, 27, 11, '2022-04-30', 'Київ', NULL, NULL),
(833, 8, 12, '2022-06-16', 'Черкаси', NULL, NULL),
(834, 11, 8, '2022-06-07', 'Тернопіль', NULL, NULL),
(835, 7, 7, '2022-04-25', 'Луганськ', NULL, NULL),
(836, 45, 7, '2022-04-24', 'Рівне', NULL, NULL),
(837, 32, 3, '2022-05-11', 'Чернівці', NULL, NULL),
(838, 60, 5, '2022-04-24', 'Рівне', NULL, NULL),
(839, 11, 9, '2022-05-28', 'Запоріжжя', NULL, NULL),
(840, 27, 3, '2022-04-28', 'Дніпро', NULL, NULL),
(841, 5, 12, '2022-05-13', 'Хмельницький', NULL, NULL),
(842, 9, 6, '2022-05-07', 'Донецьк', NULL, NULL),
(843, 11, 5, '2022-06-04', 'Полтава', NULL, NULL),
(844, 38, 7, '2022-05-23', 'Чернігів', NULL, NULL),
(845, 23, 11, '2022-04-23', 'Запоріжжя', NULL, NULL),
(846, 46, 4, '2022-04-22', 'Харків', NULL, NULL),
(847, 68, 8, '2022-06-21', 'Івано-Франківськ', NULL, NULL),
(848, 61, 7, '2022-04-28', 'Івано-Франківськ', NULL, NULL),
(849, 60, 12, '2022-05-27', 'Житомир', NULL, NULL),
(850, 67, 7, '2022-06-12', 'Ужгород', NULL, NULL),
(851, 2, 13, '2022-06-12', 'Чернівці', NULL, NULL),
(852, 40, 6, '2022-06-07', 'Луцьк', NULL, NULL),
(853, 35, 12, '2022-05-19', 'Ужгород', NULL, NULL),
(854, 27, 10, '2022-05-19', 'Харків', NULL, NULL),
(855, 63, 9, '2022-05-06', 'Київ', NULL, NULL),
(856, 21, 12, '2022-05-22', 'Миколаїв', NULL, NULL),
(857, 27, 5, '2022-05-22', 'Запоріжжя', NULL, NULL),
(858, 31, 12, '2022-05-24', 'Чернігів', NULL, NULL),
(859, 17, 13, '2022-05-23', 'Львів', NULL, NULL),
(860, 46, 5, '2022-05-18', 'Чернігів', NULL, NULL),
(861, 48, 7, '2022-05-06', 'Дніпро', NULL, NULL),
(862, 63, 12, '2022-06-08', 'Донецьк', NULL, NULL),
(863, 5, 6, '2022-05-25', 'Одеса', NULL, NULL),
(864, 23, 2, '2022-05-12', 'Луцьк', NULL, NULL),
(865, 30, 1, '2022-06-16', 'Дніпро', NULL, NULL),
(866, 69, 7, '2022-05-04', 'Житомир', NULL, NULL),
(867, 66, 3, '2022-05-14', 'Донецьк', NULL, NULL),
(868, 15, 13, '2022-05-10', 'Дніпро', NULL, NULL),
(869, 69, 8, '2022-04-26', 'Суми', NULL, NULL),
(870, 69, 12, '2022-06-20', 'Дніпро', NULL, NULL),
(871, 51, 9, '2022-05-30', 'Харків', NULL, NULL),
(872, 51, 13, '2022-06-21', 'Київ', NULL, NULL),
(873, 50, 4, '2022-05-25', 'Суми', NULL, NULL),
(874, 51, 11, '2022-05-02', 'Полтава', NULL, NULL),
(875, 31, 13, '2022-05-01', 'Донецьк', NULL, NULL),
(876, 49, 6, '2022-05-10', 'Львів', NULL, NULL),
(877, 40, 4, '2022-05-06', 'Дніпро', NULL, NULL),
(878, 59, 9, '2022-05-19', 'Запоріжжя', NULL, NULL),
(879, 32, 5, '2022-05-28', 'Тернопіль', NULL, NULL),
(880, 40, 11, '2022-05-12', 'Одеса', NULL, NULL),
(881, 61, 11, '2022-05-30', 'Київ', NULL, NULL),
(882, 35, 7, '2022-05-23', 'Івано-Франківськ', NULL, NULL),
(883, 69, 4, '2022-05-07', 'Чернігів', NULL, NULL),
(884, 28, 4, '2022-05-28', 'Житомир', NULL, NULL),
(885, 52, 2, '2022-05-01', 'Львів', NULL, NULL),
(886, 54, 10, '2022-05-24', 'Ужгород', NULL, NULL),
(887, 5, 10, '2022-05-06', 'Полтава', NULL, NULL),
(888, 25, 11, '2022-05-02', 'Житомир', NULL, NULL),
(889, 52, 1, '2022-06-17', 'Харків', NULL, NULL),
(890, 32, 2, '2022-05-31', 'Рівне', NULL, NULL),
(891, 4, 9, '2022-06-13', 'Луганськ', NULL, NULL),
(892, 11, 2, '2022-05-26', 'Ужгород', NULL, NULL),
(893, 45, 10, '2022-05-08', 'Чернівці', NULL, NULL),
(894, 2, 12, '2022-05-18', 'Львів', NULL, NULL),
(895, 34, 8, '2022-06-01', 'Черкаси', NULL, NULL),
(896, 46, 8, '2022-06-10', 'Суми', NULL, NULL),
(897, 58, 11, '2022-06-18', 'Харків', NULL, NULL),
(898, 46, 8, '2022-06-08', 'Луганськ', NULL, NULL),
(899, 52, 9, '2022-06-01', 'Житомир', NULL, NULL),
(900, 22, 6, '2022-04-28', 'Миколаїв', NULL, NULL),
(901, 14, 10, '2022-06-14', 'Харків', NULL, NULL),
(902, 24, 10, '2022-06-08', 'Луцьк', NULL, NULL),
(903, 37, 6, '2022-05-27', 'Хмельницький', NULL, NULL),
(904, 62, 5, '2022-04-27', 'Одеса', NULL, NULL),
(905, 4, 3, '2022-05-26', 'Миколаїв', NULL, NULL),
(906, 29, 8, '2022-05-02', 'Київ', NULL, NULL),
(907, 36, 6, '2022-05-22', 'Вінниця', NULL, NULL),
(908, 14, 11, '2022-04-29', 'Суми', NULL, NULL),
(909, 64, 12, '2022-05-27', 'Кропивницький', NULL, NULL),
(910, 14, 11, '2022-06-04', 'Миколаїв', NULL, NULL),
(911, 21, 10, '2022-06-11', 'Тернопіль', NULL, NULL),
(912, 12, 8, '2022-05-10', 'Чернівці', NULL, NULL),
(913, 60, 6, '2022-05-20', 'Тернопіль', NULL, NULL),
(914, 22, 2, '2022-06-16', 'Чернівці', NULL, NULL),
(915, 46, 2, '2022-04-30', 'Тернопіль', NULL, NULL),
(916, 47, 11, '2022-05-04', 'Харків', NULL, NULL),
(917, 68, 3, '2022-05-25', 'Чернігів', NULL, NULL),
(918, 49, 1, '2022-04-29', 'Чернівці', NULL, NULL),
(919, 39, 13, '2022-05-18', 'Вінниця', NULL, NULL),
(920, 36, 1, '2022-05-31', 'Дніпро', NULL, NULL),
(921, 3, 4, '2022-04-23', 'Кропивницький', NULL, NULL),
(922, 58, 11, '2022-06-04', 'Луганськ', NULL, NULL),
(923, 25, 6, '2022-05-02', 'Запоріжжя', NULL, NULL),
(924, 20, 4, '2022-05-13', 'Чернівці', NULL, NULL),
(925, 15, 7, '2022-05-09', 'Полтава', NULL, NULL),
(926, 30, 10, '2022-06-10', 'Миколаїв', NULL, NULL),
(927, 12, 2, '2022-04-27', 'Житомир', NULL, NULL),
(928, 5, 10, '2022-06-14', 'Харків', NULL, NULL),
(929, 15, 13, '2022-06-21', 'Полтава', NULL, NULL),
(930, 60, 2, '2022-06-11', 'Суми', NULL, NULL),
(931, 16, 8, '2022-06-03', 'Кропивницький', NULL, NULL),
(932, 15, 6, '2022-05-20', 'Вінниця', NULL, NULL),
(933, 44, 8, '2022-05-26', 'Вінниця', NULL, NULL),
(934, 12, 1, '2022-06-21', 'Черкаси', NULL, NULL),
(935, 38, 4, '2022-05-09', 'Херсон', NULL, NULL),
(936, 55, 4, '2022-05-19', 'Одеса', NULL, NULL),
(937, 36, 6, '2022-05-25', 'Запоріжжя', NULL, NULL),
(938, 49, 11, '2022-05-19', 'Тернопіль', NULL, NULL),
(939, 33, 12, '2022-05-09', 'Чернівці', NULL, NULL),
(940, 34, 8, '2022-05-21', 'Луганськ', NULL, NULL),
(941, 56, 11, '2022-04-25', 'Миколаїв', NULL, NULL),
(942, 59, 2, '2022-05-10', 'Хмельницький', NULL, NULL),
(943, 3, 7, '2022-05-22', 'Луцьк', NULL, NULL),
(944, 26, 5, '2022-05-31', 'Миколаїв', NULL, NULL),
(945, 4, 3, '2022-05-05', 'Вінниця', NULL, NULL),
(946, 69, 9, '2022-05-30', 'Тернопіль', NULL, NULL),
(947, 64, 5, '2022-05-25', 'Вінниця', NULL, NULL),
(948, 14, 6, '2022-06-16', 'Донецьк', NULL, NULL),
(949, 51, 6, '2022-05-13', 'Миколаїв', NULL, NULL),
(950, 30, 12, '2022-04-27', 'Тернопіль', NULL, NULL),
(951, 47, 3, '2022-06-20', 'Черкаси', NULL, NULL),
(952, 44, 6, '2022-05-21', 'Запоріжжя', NULL, NULL),
(953, 14, 10, '2022-05-01', 'Львів', NULL, NULL),
(954, 44, 3, '2022-05-22', 'Вінниця', NULL, NULL),
(955, 50, 4, '2022-06-13', 'Донецьк', NULL, NULL),
(956, 6, 11, '2022-06-04', 'Луганськ', NULL, NULL),
(957, 13, 5, '2022-05-07', 'Миколаїв', NULL, NULL),
(958, 45, 9, '2022-06-19', 'Харків', NULL, NULL),
(959, 49, 10, '2022-05-03', 'Херсон', NULL, NULL),
(960, 28, 13, '2022-04-25', 'Ужгород', NULL, NULL),
(961, 64, 1, '2022-05-19', 'Кропивницький', NULL, NULL),
(962, 13, 4, '2022-06-18', 'Тернопіль', NULL, NULL),
(963, 31, 3, '2022-06-16', 'Полтава', NULL, NULL),
(964, 37, 12, '2022-05-01', 'Чернігів', NULL, NULL),
(965, 16, 5, '2022-06-04', 'Миколаїв', NULL, NULL),
(966, 33, 12, '2022-05-29', 'Миколаїв', NULL, NULL),
(967, 43, 9, '2022-05-06', 'Чернівці', NULL, NULL),
(968, 24, 1, '2022-05-04', 'Київ', NULL, NULL),
(969, 11, 11, '2022-05-01', 'Ужгород', NULL, NULL),
(970, 69, 13, '2022-05-05', 'Донецьк', NULL, NULL),
(971, 38, 4, '2022-06-02', 'Чернівці', NULL, NULL),
(972, 18, 11, '2022-05-19', 'Дніпро', NULL, NULL),
(973, 50, 2, '2022-06-07', 'Івано-Франківськ', NULL, NULL),
(974, 63, 12, '2022-05-17', 'Запоріжжя', NULL, NULL),
(975, 6, 8, '2022-05-08', 'Луцьк', NULL, NULL),
(976, 36, 5, '2022-06-21', 'Вінниця', NULL, NULL),
(977, 34, 10, '2022-04-25', 'Дніпро', NULL, NULL),
(978, 70, 2, '2022-05-25', 'Миколаїв', NULL, NULL),
(979, 57, 12, '2022-06-19', 'Ужгород', NULL, NULL),
(980, 35, 11, '2022-05-30', 'Миколаїв', NULL, NULL),
(981, 69, 3, '2022-06-19', 'Херсон', NULL, NULL),
(982, 32, 5, '2022-06-03', 'Луцьк', NULL, NULL),
(983, 19, 9, '2022-05-03', 'Дніпро', NULL, NULL),
(984, 58, 3, '2022-05-16', 'Івано-Франківськ', NULL, NULL),
(985, 16, 1, '2022-06-01', 'Запоріжжя', NULL, NULL),
(986, 7, 6, '2022-05-06', 'Донецьк', NULL, NULL),
(987, 10, 12, '2022-06-02', 'Черкаси', NULL, NULL),
(988, 38, 4, '2022-06-01', 'Полтава', NULL, NULL),
(989, 41, 7, '2022-05-10', 'Тернопіль', NULL, NULL),
(990, 6, 8, '2022-06-20', 'Чернівці', NULL, NULL),
(991, 34, 3, '2022-06-14', 'Житомир', NULL, NULL),
(992, 20, 4, '2022-06-21', 'Херсон', NULL, NULL),
(993, 63, 6, '2022-05-29', 'Київ', NULL, NULL),
(994, 2, 12, '2022-05-10', 'Ужгород', NULL, NULL),
(995, 38, 9, '2022-06-06', 'Вінниця', NULL, NULL),
(996, 28, 6, '2022-04-27', 'Львів', NULL, NULL),
(997, 9, 2, '2022-06-11', 'Хмельницький', NULL, NULL),
(998, 66, 8, '2022-06-14', 'Одеса', NULL, NULL),
(999, 6, 7, '2022-06-04', 'Черкаси', NULL, NULL),
(1000, 48, 7, '2022-06-06', 'Київ', NULL, NULL);

-- --------------------------------------------------------

--
-- Структура таблицы `password_resets`
--

CREATE TABLE `password_resets` (
  `email` varchar(255) COLLATE utf8mb4_unicode_ci NOT NULL,
  `token` varchar(255) COLLATE utf8mb4_unicode_ci NOT NULL,
  `created_at` timestamp NULL DEFAULT NULL
) ENGINE=InnoDB DEFAULT CHARSET=utf8mb4 COLLATE=utf8mb4_unicode_ci;

-- --------------------------------------------------------

--
-- Структура таблицы `personal_access_tokens`
--

CREATE TABLE `personal_access_tokens` (
  `id` bigint UNSIGNED NOT NULL,
  `tokenable_type` varchar(255) COLLATE utf8mb4_unicode_ci NOT NULL,
  `tokenable_id` bigint UNSIGNED NOT NULL,
  `name` varchar(255) COLLATE utf8mb4_unicode_ci NOT NULL,
  `token` varchar(64) COLLATE utf8mb4_unicode_ci NOT NULL,
  `abilities` text COLLATE utf8mb4_unicode_ci,
  `last_used_at` timestamp NULL DEFAULT NULL,
  `created_at` timestamp NULL DEFAULT NULL,
  `updated_at` timestamp NULL DEFAULT NULL
) ENGINE=InnoDB DEFAULT CHARSET=utf8mb4 COLLATE=utf8mb4_unicode_ci;

-- --------------------------------------------------------

--
-- Структура таблицы `products`
--

CREATE TABLE `products` (
  `id` bigint UNSIGNED NOT NULL,
  `name` varchar(255) COLLATE utf8mb4_unicode_ci NOT NULL,
  `created_at` timestamp NULL DEFAULT NULL,
  `updated_at` timestamp NULL DEFAULT NULL
) ENGINE=InnoDB DEFAULT CHARSET=utf8mb4 COLLATE=utf8mb4_unicode_ci;

--
-- Дамп данных таблицы `products`
--

INSERT INTO `products` (`id`, `name`, `created_at`, `updated_at`) VALUES
(1, 'Кабачки', NULL, NULL),
(2, 'Капуста', NULL, NULL),
(3, 'Картопля', NULL, NULL),
(4, 'Цибуля', NULL, NULL),
(5, 'Морква', NULL, NULL),
(6, 'Огірки', NULL, NULL),
(7, 'Перець', NULL, NULL),
(8, 'Петрушка', NULL, NULL),
(9, 'Помідори', NULL, NULL),
(10, 'Редька', NULL, NULL),
(11, 'Буряк', NULL, NULL),
(12, 'Часник', NULL, NULL),
(13, 'Кріп', NULL, NULL);

-- --------------------------------------------------------

--
-- Структура таблицы `users`
--

CREATE TABLE `users` (
  `id` bigint UNSIGNED NOT NULL,
  `name` varchar(255) COLLATE utf8mb4_unicode_ci NOT NULL,
  `email` varchar(255) COLLATE utf8mb4_unicode_ci NOT NULL,
  `email_verified_at` timestamp NULL DEFAULT NULL,
  `password` varchar(255) COLLATE utf8mb4_unicode_ci NOT NULL,
  `remember_token` varchar(100) COLLATE utf8mb4_unicode_ci DEFAULT NULL,
  `created_at` timestamp NULL DEFAULT NULL,
  `updated_at` timestamp NULL DEFAULT NULL
) ENGINE=InnoDB DEFAULT CHARSET=utf8mb4 COLLATE=utf8mb4_unicode_ci;

--
-- Индексы сохранённых таблиц
--

--
-- Индексы таблицы `failed_jobs`
--
ALTER TABLE `failed_jobs`
  ADD PRIMARY KEY (`id`),
  ADD UNIQUE KEY `failed_jobs_uuid_unique` (`uuid`);

--
-- Индексы таблицы `migrations`
--
ALTER TABLE `migrations`
  ADD PRIMARY KEY (`id`);

--
-- Индексы таблицы `orders`
--
ALTER TABLE `orders`
  ADD PRIMARY KEY (`id`);

--
-- Индексы таблицы `order_product`
--
ALTER TABLE `order_product`
  ADD PRIMARY KEY (`id`),
  ADD KEY `order_product_order_id_foreign` (`order_id`),
  ADD KEY `order_product_product_id_foreign` (`product_id`);

--
-- Индексы таблицы `password_resets`
--
ALTER TABLE `password_resets`
  ADD KEY `password_resets_email_index` (`email`);

--
-- Индексы таблицы `personal_access_tokens`
--
ALTER TABLE `personal_access_tokens`
  ADD PRIMARY KEY (`id`),
  ADD UNIQUE KEY `personal_access_tokens_token_unique` (`token`),
  ADD KEY `personal_access_tokens_tokenable_type_tokenable_id_index` (`tokenable_type`,`tokenable_id`);

--
-- Индексы таблицы `products`
--
ALTER TABLE `products`
  ADD PRIMARY KEY (`id`);

--
-- Индексы таблицы `users`
--
ALTER TABLE `users`
  ADD PRIMARY KEY (`id`),
  ADD UNIQUE KEY `users_email_unique` (`email`);

--
-- AUTO_INCREMENT для сохранённых таблиц
--

--
-- AUTO_INCREMENT для таблицы `failed_jobs`
--
ALTER TABLE `failed_jobs`
  MODIFY `id` bigint UNSIGNED NOT NULL AUTO_INCREMENT;

--
-- AUTO_INCREMENT для таблицы `migrations`
--
ALTER TABLE `migrations`
  MODIFY `id` int UNSIGNED NOT NULL AUTO_INCREMENT, AUTO_INCREMENT=11;

--
-- AUTO_INCREMENT для таблицы `orders`
--
ALTER TABLE `orders`
  MODIFY `id` bigint UNSIGNED NOT NULL AUTO_INCREMENT, AUTO_INCREMENT=71;

--
-- AUTO_INCREMENT для таблицы `order_product`
--
ALTER TABLE `order_product`
  MODIFY `id` bigint UNSIGNED NOT NULL AUTO_INCREMENT, AUTO_INCREMENT=1001;

--
-- AUTO_INCREMENT для таблицы `personal_access_tokens`
--
ALTER TABLE `personal_access_tokens`
  MODIFY `id` bigint UNSIGNED NOT NULL AUTO_INCREMENT;

--
-- AUTO_INCREMENT для таблицы `products`
--
ALTER TABLE `products`
  MODIFY `id` bigint UNSIGNED NOT NULL AUTO_INCREMENT, AUTO_INCREMENT=14;

--
-- AUTO_INCREMENT для таблицы `users`
--
ALTER TABLE `users`
  MODIFY `id` bigint UNSIGNED NOT NULL AUTO_INCREMENT;

--
-- Ограничения внешнего ключа сохраненных таблиц
--

--
-- Ограничения внешнего ключа таблицы `order_product`
--
ALTER TABLE `order_product`
  ADD CONSTRAINT `order_product_order_id_foreign` FOREIGN KEY (`order_id`) REFERENCES `orders` (`id`),
  ADD CONSTRAINT `order_product_product_id_foreign` FOREIGN KEY (`product_id`) REFERENCES `products` (`id`);
COMMIT;

/*!40101 SET CHARACTER_SET_CLIENT=@OLD_CHARACTER_SET_CLIENT */;
/*!40101 SET CHARACTER_SET_RESULTS=@OLD_CHARACTER_SET_RESULTS */;
/*!40101 SET COLLATION_CONNECTION=@OLD_COLLATION_CONNECTION */;
